algo,model,payoff,drift,volatility,mean,speed,correlation,hurst,nb_stocks,nb_paths,nb_dates,spot,strike,dividend,maturity,nb_epochs,hidden_size,factors,ridge_coeff,use_payoff_as_input,train_ITM_only,use_path,price,duration,time_path_gen,comp_time,delta,gamma,theta,rho,vega,greeks_method,price_upper_bound
RFQI,BlackScholes,MaxCall,0.0,0.2,0.01,2,-0.3,0.75,5,20000,10,100,100,0.0,1,30,10,"(1.0, 1.0, 1.0)",1.0,True,True,False,21.6992274346855,6.54440975189209,0.6772181987762451,5.867191553115845,,,,,,central,

RFQI,BlackScholes,MaxCall,0.0,0.2,0.01,2,-0.3,0.75,5,20000,10,100,100,0.0,1,30,10,"(1.0, 1.0, 1.0)",1.0,True,True,False,24.055926411535964,6.939155340194702,0.7071249485015869,6.232030391693115,,,,,,central,

RFQI,BlackScholes,MaxCall,0.0,0.2,0.01,2,-0.3,0.75,5,20000,10,100,100,0.0,1,30,10,"(1.0, 1.0, 1.0)",1.0,True,True,False,24.992913795741867,7.240721225738525,0.7420101165771484,6.498711109161377,,,,,,central,

RFQI,BlackScholes,MaxCall,0.0,0.2,0.01,2,-0.3,0.75,5,20000,10,100,100,0.0,1,30,10,"(1.0, 1.0, 1.0)",1.0,True,True,False,23.15491180740119,5.888296127319336,0.626746654510498,5.261549472808838,,,,,,central,

RFQI,BlackScholes,MaxCall,0.0,0.2,0.01,2,-0.3,0.75,5,20000,10,100,100,0.0,1,30,10,"(1.0, 1.0, 1.0)",1.0,True,True,False,24.840134512065617,6.648208141326904,0.6069679260253906,6.041240215301514,,,,,,central,

RFQI,BlackScholes,MaxCall,0.0,0.2,0.01,2,-0.3,0.75,5,20000,10,100,100,0.0,1,30,10,"(1.0, 1.0, 1.0)",1.0,True,True,False,20.483986404133063,7.047060251235962,0.7028133869171143,6.344246864318848,,,,,,central,

RFQI,BlackScholes,MaxCall,0.0,0.2,0.01,2,-0.3,0.75,5,20000,10,100,100,0.0,1,30,10,"(1.0, 1.0, 1.0)",1.0,True,True,False,7.692852751400956,6.231371641159058,0.6825144290924072,5.54885721206665,,,,,,central,

RFQI,BlackScholes,MaxCall,0.0,0.2,0.01,2,-0.3,0.75,5,20000,10,100,100,0.0,1,30,10,"(1.0, 1.0, 1.0)",1.0,True,True,False,24.477336196913708,6.503935098648071,0.6065864562988281,5.897348642349243,,,,,,central,

RFQI,BlackScholes,MaxCall,0.0,0.2,0.01,2,-0.3,0.75,5,20000,10,100,100,0.0,1,30,10,"(1.0, 1.0, 1.0)",1.0,True,True,False,23.746561972129367,6.393902540206909,0.7966265678405762,5.597275972366333,,,,,,central,

RFQI,BlackScholes,MaxCall,0.0,0.2,0.01,2,-0.3,0.75,5,20000,10,100,100,0.0,1,30,10,"(1.0, 1.0, 1.0)",1.0,True,True,False,25.098440997523152,6.504699230194092,0.6065540313720703,5.8981451988220215,,,,,,central,

RFQI,BlackScholes,MaxCall,0.0,0.2,0.01,2,-0.3,0.75,5,20000,10,100,100,0.0,1,30,10,"(1.0, 1.0, 1.0)",1.0,False,True,False,25.183220727947024,6.765202283859253,0.7808234691619873,5.984378814697266,,,,,,central,

RFQI,BlackScholes,MaxCall,0.0,0.2,0.01,2,-0.3,0.75,5,20000,10,100,100,0.0,1,30,10,"(1.0, 1.0, 1.0)",1.0,False,True,False,24.991834381024457,6.086173057556152,0.6904797554016113,5.395693302154541,,,,,,central,

RFQI,BlackScholes,MaxCall,0.0,0.2,0.01,2,-0.3,0.75,5,20000,10,100,100,0.0,1,30,10,"(1.0, 1.0, 1.0)",1.0,False,True,False,24.930654647358903,6.373721599578857,0.7040414810180664,5.669680118560791,,,,,,central,

RFQI,BlackScholes,MaxCall,0.0,0.2,0.01,2,-0.3,0.75,5,20000,10,100,100,0.0,1,30,10,"(1.0, 1.0, 1.0)",1.0,False,True,False,25.194595351941963,6.521221876144409,0.6124424934387207,5.9087793827056885,,,,,,central,

RFQI,BlackScholes,MaxCall,0.0,0.2,0.01,2,-0.3,0.75,5,20000,10,100,100,0.0,1,30,10,"(1.0, 1.0, 1.0)",1.0,False,True,False,24.99237549938708,5.248387575149536,0.4468855857849121,4.801501989364624,,,,,,central,

RFQI,BlackScholes,MaxCall,0.0,0.2,0.01,2,-0.3,0.75,5,20000,10,100,100,0.0,1,30,10,"(1.0, 1.0, 1.0)",1.0,False,True,False,25.019400047555962,5.718210220336914,0.42897486686706543,5.289235353469849,,,,,,central,

RFQI,BlackScholes,MaxCall,0.0,0.2,0.01,2,-0.3,0.75,5,20000,10,100,100,0.0,1,30,10,"(1.0, 1.0, 1.0)",1.0,False,True,False,25.065719545933366,5.279503583908081,0.36568546295166016,4.913818120956421,,,,,,central,

RFQI,BlackScholes,MaxCall,0.0,0.2,0.01,2,-0.3,0.75,5,20000,10,100,100,0.0,1,30,10,"(1.0, 1.0, 1.0)",1.0,False,True,False,24.95347751436896,5.536757469177246,0.4291403293609619,5.107617139816284,,,,,,central,

RFQI,BlackScholes,MaxCall,0.0,0.2,0.01,2,-0.3,0.75,5,20000,10,100,100,0.0,1,30,10,"(1.0, 1.0, 1.0)",1.0,False,True,False,25.27856701989236,5.398874044418335,0.4700138568878174,4.928860187530518,,,,,,central,

RFQI,BlackScholes,MaxCall,0.0,0.2,0.01,2,-0.3,0.75,5,20000,10,100,100,0.0,1,30,10,"(1.0, 1.0, 1.0)",1.0,False,True,False,14.654153179050606,6.404633283615112,0.6188476085662842,5.785785675048828,,,,,,central,

RFQI,BlackScholes,MaxCall,0.0,0.2,0.01,2,-0.3,0.75,5,20000,10,100,100,0.0,1,30,20,"(1.0, 1.0, 1.0)",1.0,True,True,False,25.002057442654344,12.371222019195557,0.610767126083374,11.760454893112183,,,,,,central,

RFQI,BlackScholes,MaxCall,0.0,0.2,0.01,2,-0.3,0.75,5,20000,10,100,100,0.0,1,30,20,"(1.0, 1.0, 1.0)",1.0,True,True,False,23.84357883076292,11.994266033172607,0.3883390426635742,11.605926990509033,,,,,,central,

RFQI,BlackScholes,MaxCall,0.0,0.2,0.01,2,-0.3,0.75,5,20000,10,100,100,0.0,1,30,20,"(1.0, 1.0, 1.0)",1.0,True,True,False,25.067271994554215,11.095028162002563,0.6215786933898926,10.473449468612671,,,,,,central,

RFQI,BlackScholes,MaxCall,0.0,0.2,0.01,2,-0.3,0.75,5,20000,10,100,100,0.0,1,30,20,"(1.0, 1.0, 1.0)",1.0,True,True,False,24.57933598719608,12.854546546936035,0.4563112258911133,12.398235321044922,,,,,,central,

RFQI,BlackScholes,MaxCall,0.0,0.2,0.01,2,-0.3,0.75,5,20000,10,100,100,0.0,1,30,20,"(1.0, 1.0, 1.0)",1.0,True,True,False,25.169520647143163,12.2659432888031,0.5913848876953125,11.674558401107788,,,,,,central,

RFQI,BlackScholes,MaxCall,0.0,0.2,0.01,2,-0.3,0.75,5,20000,10,100,100,0.0,1,30,20,"(1.0, 1.0, 1.0)",1.0,True,True,False,8.135333158003405,11.618550062179565,0.528162956237793,11.090387105941772,,,,,,central,

RFQI,BlackScholes,MaxCall,0.0,0.2,0.01,2,-0.3,0.75,5,20000,10,100,100,0.0,1,30,20,"(1.0, 1.0, 1.0)",1.0,True,True,False,10.17906498623235,13.1351318359375,0.5383288860321045,12.596802949905396,,,,,,central,

RFQI,BlackScholes,MaxCall,0.0,0.2,0.01,2,-0.3,0.75,5,20000,10,100,100,0.0,1,30,20,"(1.0, 1.0, 1.0)",1.0,True,True,False,25.08745660542062,11.98722219467163,0.5285482406616211,11.45867395401001,,,,,,central,

RFQI,BlackScholes,MaxCall,0.0,0.2,0.01,2,-0.3,0.75,5,20000,10,100,100,0.0,1,30,20,"(1.0, 1.0, 1.0)",1.0,True,True,False,18.400325829712692,12.248766422271729,0.45947813987731934,11.78928828239441,,,,,,central,

RFQI,BlackScholes,MaxCall,0.0,0.2,0.01,2,-0.3,0.75,5,20000,10,100,100,0.0,1,30,20,"(1.0, 1.0, 1.0)",1.0,True,True,False,24.84018005935232,12.189964771270752,0.465451717376709,11.724513053894043,,,,,,central,

RFQI,BlackScholes,MaxCall,0.0,0.2,0.01,2,-0.3,0.75,5,20000,10,100,100,0.0,1,30,20,"(1.0, 1.0, 1.0)",1.0,False,True,False,7.913086208801554,13.03357481956482,0.6405839920043945,12.392990827560425,,,,,,central,

RFQI,BlackScholes,MaxCall,0.0,0.2,0.01,2,-0.3,0.75,5,20000,10,100,100,0.0,1,30,20,"(1.0, 1.0, 1.0)",1.0,False,True,False,25.177569887703903,11.93954610824585,0.6715753078460693,11.26797080039978,,,,,,central,

RFQI,BlackScholes,MaxCall,0.0,0.2,0.01,2,-0.3,0.75,5,20000,10,100,100,0.0,1,30,20,"(1.0, 1.0, 1.0)",1.0,False,True,False,8.328423693917275,13.496374607086182,0.6655058860778809,12.8308687210083,,,,,,central,

RFQI,BlackScholes,MaxCall,0.0,0.2,0.01,2,-0.3,0.75,5,20000,10,100,100,0.0,1,30,20,"(1.0, 1.0, 1.0)",1.0,False,True,False,24.961906210572756,12.761576414108276,0.7049658298492432,12.056610584259033,,,,,,central,

RFQI,BlackScholes,MaxCall,0.0,0.2,0.01,2,-0.3,0.75,5,20000,10,100,100,0.0,1,30,20,"(1.0, 1.0, 1.0)",1.0,False,True,False,24.791026185169414,13.368482112884521,0.4628620147705078,12.905620098114014,,,,,,central,

RFQI,BlackScholes,MaxCall,0.0,0.2,0.01,2,-0.3,0.75,5,20000,10,100,100,0.0,1,30,20,"(1.0, 1.0, 1.0)",1.0,False,True,False,24.883823917202633,13.18262243270874,0.6423704624176025,12.540251970291138,,,,,,central,

RFQI,BlackScholes,MaxCall,0.0,0.2,0.01,2,-0.3,0.75,5,20000,10,100,100,0.0,1,30,20,"(1.0, 1.0, 1.0)",1.0,False,True,False,7.798257639370243,13.235557556152344,0.597447395324707,12.638110160827637,,,,,,central,

RFQI,BlackScholes,MaxCall,0.0,0.2,0.01,2,-0.3,0.75,5,20000,10,100,100,0.0,1,30,20,"(1.0, 1.0, 1.0)",1.0,False,True,False,20.585468393192485,12.408299684524536,0.619239091873169,11.789060592651367,,,,,,central,

RFQI,BlackScholes,MaxCall,0.0,0.2,0.01,2,-0.3,0.75,5,20000,10,100,100,0.0,1,30,20,"(1.0, 1.0, 1.0)",1.0,False,True,False,20.029999498618192,12.120799779891968,0.49693751335144043,11.623862266540527,,,,,,central,

RFQI,BlackScholes,MaxCall,0.0,0.2,0.01,2,-0.3,0.75,5,20000,10,100,100,0.0,1,30,20,"(1.0, 1.0, 1.0)",1.0,False,True,False,24.899038455092313,12.417028665542603,0.44829440116882324,11.96873426437378,,,,,,central,

RFQI,BlackScholes,MaxCall,0.0,0.2,0.01,2,-0.3,0.75,5,20000,10,100,100,0.0,1,30,40,"(1.0, 1.0, 1.0)",1.0,True,True,False,15.185879894772661,26.2305645942688,0.6629245281219482,25.56764006614685,,,,,,central,

RFQI,BlackScholes,MaxCall,0.0,0.2,0.01,2,-0.3,0.75,5,20000,10,100,100,0.0,1,30,40,"(1.0, 1.0, 1.0)",1.0,True,True,False,20.484703772127585,25.166152238845825,0.45423173904418945,24.711920499801636,,,,,,central,

RFQI,BlackScholes,MaxCall,0.0,0.2,0.01,2,-0.3,0.75,5,20000,10,100,100,0.0,1,30,40,"(1.0, 1.0, 1.0)",1.0,True,True,False,25.02887549350094,26.744388341903687,0.432802677154541,26.311585664749146,,,,,,central,

RFQI,BlackScholes,MaxCall,0.0,0.2,0.01,2,-0.3,0.75,5,20000,10,100,100,0.0,1,30,40,"(1.0, 1.0, 1.0)",1.0,True,True,False,17.303691895462364,26.40831232070923,0.44901061058044434,25.959301710128784,,,,,,central,

RFQI,BlackScholes,MaxCall,0.0,0.2,0.01,2,-0.3,0.75,5,20000,10,100,100,0.0,1,30,40,"(1.0, 1.0, 1.0)",1.0,True,True,False,9.116044471571461,23.875672340393066,0.4315218925476074,23.44415044784546,,,,,,central,

RFQI,BlackScholes,MaxCall,0.0,0.2,0.01,2,-0.3,0.75,5,20000,10,100,100,0.0,1,30,40,"(1.0, 1.0, 1.0)",1.0,True,True,False,25.015134152398446,24.932564735412598,0.4689371585845947,24.463627576828003,,,,,,central,

RFQI,BlackScholes,MaxCall,0.0,0.2,0.01,2,-0.3,0.75,5,20000,10,100,100,0.0,1,30,40,"(1.0, 1.0, 1.0)",1.0,True,True,False,24.86904057793287,24.621972799301147,0.5939939022064209,24.027978897094727,,,,,,central,

RFQI,BlackScholes,MaxCall,0.0,0.2,0.01,2,-0.3,0.75,5,20000,10,100,100,0.0,1,30,40,"(1.0, 1.0, 1.0)",1.0,True,True,False,22.744641598659758,24.462985038757324,0.5221590995788574,23.940825939178467,,,,,,central,

RFQI,BlackScholes,MaxCall,0.0,0.2,0.01,2,-0.3,0.75,5,20000,10,100,100,0.0,1,30,40,"(1.0, 1.0, 1.0)",1.0,True,True,False,24.88422317114349,23.275797605514526,0.7317137718200684,22.544083833694458,,,,,,central,

RFQI,BlackScholes,MaxCall,0.0,0.2,0.01,2,-0.3,0.75,5,20000,10,100,100,0.0,1,30,40,"(1.0, 1.0, 1.0)",1.0,True,True,False,24.83049632613013,23.338733911514282,0.6959812641143799,22.642752647399902,,,,,,central,

RFQI,BlackScholes,MaxCall,0.0,0.2,0.01,2,-0.3,0.75,5,20000,10,100,100,0.0,1,30,40,"(1.0, 1.0, 1.0)",1.0,False,True,False,17.52691811817882,23.749927759170532,0.5476694107055664,23.202258348464966,,,,,,central,

RFQI,BlackScholes,MaxCall,0.0,0.2,0.01,2,-0.3,0.75,5,20000,10,100,100,0.0,1,30,40,"(1.0, 1.0, 1.0)",1.0,False,True,False,24.792046355347797,23.303641319274902,0.667252779006958,22.636388540267944,,,,,,central,

RFQI,BlackScholes,MaxCall,0.0,0.2,0.01,2,-0.3,0.75,5,20000,10,100,100,0.0,1,30,40,"(1.0, 1.0, 1.0)",1.0,False,True,False,20.4104968095835,23.740715742111206,0.6342666149139404,23.106449127197266,,,,,,central,

RFQI,BlackScholes,MaxCall,0.0,0.2,0.01,2,-0.3,0.75,5,20000,10,100,100,0.0,1,30,40,"(1.0, 1.0, 1.0)",1.0,False,True,False,15.39948353371268,23.875235557556152,0.6802527904510498,23.194982767105103,,,,,,central,

RFQI,BlackScholes,MaxCall,0.0,0.2,0.01,2,-0.3,0.75,5,20000,10,100,100,0.0,1,30,40,"(1.0, 1.0, 1.0)",1.0,False,True,False,25.257089528788278,20.50116991996765,0.5651693344116211,19.93600058555603,,,,,,central,

RFQI,BlackScholes,MaxCall,0.0,0.2,0.01,2,-0.3,0.75,5,20000,10,100,100,0.0,1,30,40,"(1.0, 1.0, 1.0)",1.0,False,True,False,25.48397058115158,21.6021888256073,0.6487350463867188,20.95345377922058,,,,,,central,

RFQI,BlackScholes,MaxCall,0.0,0.2,0.01,2,-0.3,0.75,5,20000,10,100,100,0.0,1,30,40,"(1.0, 1.0, 1.0)",1.0,False,True,False,9.086712399875925,21.328893184661865,0.496124267578125,20.83276891708374,,,,,,central,

RFQI,BlackScholes,MaxCall,0.0,0.2,0.01,2,-0.3,0.75,5,20000,10,100,100,0.0,1,30,40,"(1.0, 1.0, 1.0)",1.0,False,True,False,25.134174635342713,20.55953884124756,0.45078063011169434,20.108758211135864,,,,,,central,

RFQI,BlackScholes,MaxCall,0.0,0.2,0.01,2,-0.3,0.75,5,20000,10,100,100,0.0,1,30,40,"(1.0, 1.0, 1.0)",1.0,False,True,False,18.367005834503413,20.2276291847229,0.5500116348266602,19.67761754989624,,,,,,central,

RFQI,BlackScholes,MaxCall,0.0,0.2,0.01,2,-0.3,0.75,5,20000,10,100,100,0.0,1,30,40,"(1.0, 1.0, 1.0)",1.0,False,True,False,19.909941000409724,19.800174474716187,0.5405528545379639,19.259621620178223,,,,,,central,

RLSM,BlackScholes,MaxCall,0.0,0.2,0.01,2,-0.3,0.75,5,20000,10,100,100,0.0,1,30,10,"(1.0, 1.0, 1.0)",1.0,True,True,False,24.622595582861187,1.0712823867797852,0.5698983669281006,0.5013840198516846,,,,,,central,

RLSM,BlackScholes,MaxCall,0.0,0.2,0.01,2,-0.3,0.75,5,20000,10,100,100,0.0,1,30,10,"(1.0, 1.0, 1.0)",1.0,True,True,False,25.097768718237116,0.9205753803253174,0.5038650035858154,0.41671037673950195,,,,,,central,

RLSM,BlackScholes,MaxCall,0.0,0.2,0.01,2,-0.3,0.75,5,20000,10,100,100,0.0,1,30,10,"(1.0, 1.0, 1.0)",1.0,True,True,False,25.086793268795958,0.9415004253387451,0.48541975021362305,0.45608067512512207,,,,,,central,

RLSM,BlackScholes,MaxCall,0.0,0.2,0.01,2,-0.3,0.75,5,20000,10,100,100,0.0,1,30,10,"(1.0, 1.0, 1.0)",1.0,True,True,False,24.983404982157406,0.9414896965026855,0.4758026599884033,0.4656870365142822,,,,,,central,

RLSM,BlackScholes,MaxCall,0.0,0.2,0.01,2,-0.3,0.75,5,20000,10,100,100,0.0,1,30,10,"(1.0, 1.0, 1.0)",1.0,True,True,False,25.27157994599168,0.7621867656707764,0.3811616897583008,0.3810250759124756,,,,,,central,

RLSM,BlackScholes,MaxCall,0.0,0.2,0.01,2,-0.3,0.75,5,20000,10,100,100,0.0,1,30,10,"(1.0, 1.0, 1.0)",1.0,True,True,False,24.810855128797115,0.7637407779693604,0.3858304023742676,0.3779103755950928,,,,,,central,

RLSM,BlackScholes,MaxCall,0.0,0.2,0.01,2,-0.3,0.75,5,20000,10,100,100,0.0,1,30,10,"(1.0, 1.0, 1.0)",1.0,True,True,False,24.77373189448553,0.8196613788604736,0.3844916820526123,0.43516969680786133,,,,,,central,

RLSM,BlackScholes,MaxCall,0.0,0.2,0.01,2,-0.3,0.75,5,20000,10,100,100,0.0,1,30,10,"(1.0, 1.0, 1.0)",1.0,True,True,False,25.26644537327353,0.815150260925293,0.38829827308654785,0.4268519878387451,,,,,,central,

RLSM,BlackScholes,MaxCall,0.0,0.2,0.01,2,-0.3,0.75,5,20000,10,100,100,0.0,1,30,10,"(1.0, 1.0, 1.0)",1.0,True,True,False,24.780586347967528,0.8469183444976807,0.4282095432281494,0.41870880126953125,,,,,,central,

RLSM,BlackScholes,MaxCall,0.0,0.2,0.01,2,-0.3,0.75,5,20000,10,100,100,0.0,1,30,10,"(1.0, 1.0, 1.0)",1.0,True,True,False,24.97555346674311,0.8653378486633301,0.4417741298675537,0.42356371879577637,,,,,,central,

RLSM,BlackScholes,MaxCall,0.0,0.2,0.01,2,-0.3,0.75,5,20000,10,100,100,0.0,1,30,10,"(1.0, 1.0, 1.0)",1.0,False,True,False,23.481040242150392,0.9537355899810791,0.3745095729827881,0.579226016998291,,,,,,central,

RLSM,BlackScholes,MaxCall,0.0,0.2,0.01,2,-0.3,0.75,5,20000,10,100,100,0.0,1,30,10,"(1.0, 1.0, 1.0)",1.0,False,True,False,23.726914655325054,0.8574562072753906,0.415407657623291,0.4420485496520996,,,,,,central,

RLSM,BlackScholes,MaxCall,0.0,0.2,0.01,2,-0.3,0.75,5,20000,10,100,100,0.0,1,30,10,"(1.0, 1.0, 1.0)",1.0,False,True,False,23.99085998918434,0.8764073848724365,0.43130040168762207,0.44510698318481445,,,,,,central,

RLSM,BlackScholes,MaxCall,0.0,0.2,0.01,2,-0.3,0.75,5,20000,10,100,100,0.0,1,30,10,"(1.0, 1.0, 1.0)",1.0,False,True,False,23.735791965921003,0.8620145320892334,0.43405795097351074,0.42795658111572266,,,,,,central,

RLSM,BlackScholes,MaxCall,0.0,0.2,0.01,2,-0.3,0.75,5,20000,10,100,100,0.0,1,30,10,"(1.0, 1.0, 1.0)",1.0,False,True,False,23.773583473086013,0.8516459465026855,0.4347963333129883,0.41684961318969727,,,,,,central,

RLSM,BlackScholes,MaxCall,0.0,0.2,0.01,2,-0.3,0.75,5,20000,10,100,100,0.0,1,30,10,"(1.0, 1.0, 1.0)",1.0,False,True,False,24.026170991383307,0.8447635173797607,0.4246354103088379,0.42012810707092285,,,,,,central,

RLSM,BlackScholes,MaxCall,0.0,0.2,0.01,2,-0.3,0.75,5,20000,10,100,100,0.0,1,30,10,"(1.0, 1.0, 1.0)",1.0,False,True,False,23.733672078794513,0.7389247417449951,0.39194583892822266,0.34697890281677246,,,,,,central,

RLSM,BlackScholes,MaxCall,0.0,0.2,0.01,2,-0.3,0.75,5,20000,10,100,100,0.0,1,30,10,"(1.0, 1.0, 1.0)",1.0,False,True,False,24.034060962956563,0.876293420791626,0.4454345703125,0.430858850479126,,,,,,central,

RLSM,BlackScholes,MaxCall,0.0,0.2,0.01,2,-0.3,0.75,5,20000,10,100,100,0.0,1,30,10,"(1.0, 1.0, 1.0)",1.0,False,True,False,23.75701293537984,0.8942270278930664,0.4626424312591553,0.43158459663391113,,,,,,central,

RLSM,BlackScholes,MaxCall,0.0,0.2,0.01,2,-0.3,0.75,5,20000,10,100,100,0.0,1,30,10,"(1.0, 1.0, 1.0)",1.0,False,True,False,23.767646285371995,0.8843331336975098,0.4577193260192871,0.42661380767822266,,,,,,central,

RLSM,BlackScholes,MaxCall,0.0,0.2,0.01,2,-0.3,0.75,5,20000,10,100,100,0.0,1,30,20,"(1.0, 1.0, 1.0)",1.0,True,True,False,24.90835468087117,1.258584976196289,0.4548501968383789,0.8037347793579102,,,,,,central,

RLSM,BlackScholes,MaxCall,0.0,0.2,0.01,2,-0.3,0.75,5,20000,10,100,100,0.0,1,30,20,"(1.0, 1.0, 1.0)",1.0,True,True,False,24.842908649032697,1.3176624774932861,0.4182717800140381,0.899390697479248,,,,,,central,

RLSM,BlackScholes,MaxCall,0.0,0.2,0.01,2,-0.3,0.75,5,20000,10,100,100,0.0,1,30,20,"(1.0, 1.0, 1.0)",1.0,True,True,False,24.827447619657633,1.1936848163604736,0.46377086639404297,0.7299139499664307,,,,,,central,

RLSM,BlackScholes,MaxCall,0.0,0.2,0.01,2,-0.3,0.75,5,20000,10,100,100,0.0,1,30,20,"(1.0, 1.0, 1.0)",1.0,True,True,False,25.00515065258818,1.4008002281188965,0.389345645904541,1.0114545822143555,,,,,,central,

RLSM,BlackScholes,MaxCall,0.0,0.2,0.01,2,-0.3,0.75,5,20000,10,100,100,0.0,1,30,20,"(1.0, 1.0, 1.0)",1.0,True,True,False,25.037398198075802,1.2707529067993164,0.3948500156402588,0.8759028911590576,,,,,,central,

RLSM,BlackScholes,MaxCall,0.0,0.2,0.01,2,-0.3,0.75,5,20000,10,100,100,0.0,1,30,20,"(1.0, 1.0, 1.0)",1.0,True,True,False,24.974238010581033,1.3335580825805664,0.49896240234375,0.8345956802368164,,,,,,central,

RLSM,BlackScholes,MaxCall,0.0,0.2,0.01,2,-0.3,0.75,5,20000,10,100,100,0.0,1,30,20,"(1.0, 1.0, 1.0)",1.0,True,True,False,24.8911228154913,1.1829440593719482,0.5448176860809326,0.6381263732910156,,,,,,central,

RLSM,BlackScholes,MaxCall,0.0,0.2,0.01,2,-0.3,0.75,5,20000,10,100,100,0.0,1,30,20,"(1.0, 1.0, 1.0)",1.0,True,True,False,24.85372113244603,1.2774112224578857,0.5555860996246338,0.721825122833252,,,,,,central,

RLSM,BlackScholes,MaxCall,0.0,0.2,0.01,2,-0.3,0.75,5,20000,10,100,100,0.0,1,30,20,"(1.0, 1.0, 1.0)",1.0,True,True,False,25.37481994495857,1.1862781047821045,0.6100866794586182,0.5761914253234863,,,,,,central,

RLSM,BlackScholes,MaxCall,0.0,0.2,0.01,2,-0.3,0.75,5,20000,10,100,100,0.0,1,30,20,"(1.0, 1.0, 1.0)",1.0,True,True,False,24.92603791245206,1.007772445678711,0.444610595703125,0.5631618499755859,,,,,,central,

RLSM,BlackScholes,MaxCall,0.0,0.2,0.01,2,-0.3,0.75,5,20000,10,100,100,0.0,1,30,20,"(1.0, 1.0, 1.0)",1.0,False,True,False,24.13216349671889,1.3706047534942627,0.5958597660064697,0.774744987487793,,,,,,central,

RLSM,BlackScholes,MaxCall,0.0,0.2,0.01,2,-0.3,0.75,5,20000,10,100,100,0.0,1,30,20,"(1.0, 1.0, 1.0)",1.0,False,True,False,23.606689376412877,1.2653095722198486,0.4280109405517578,0.8372986316680908,,,,,,central,

RLSM,BlackScholes,MaxCall,0.0,0.2,0.01,2,-0.3,0.75,5,20000,10,100,100,0.0,1,30,20,"(1.0, 1.0, 1.0)",1.0,False,True,False,23.74959808965741,1.226809024810791,0.4076814651489258,0.8191275596618652,,,,,,central,

RLSM,BlackScholes,MaxCall,0.0,0.2,0.01,2,-0.3,0.75,5,20000,10,100,100,0.0,1,30,20,"(1.0, 1.0, 1.0)",1.0,False,True,False,23.81592274031498,1.173222541809082,0.45407652854919434,0.7191460132598877,,,,,,central,

RLSM,BlackScholes,MaxCall,0.0,0.2,0.01,2,-0.3,0.75,5,20000,10,100,100,0.0,1,30,20,"(1.0, 1.0, 1.0)",1.0,False,True,False,24.26031119908412,1.265162467956543,0.5085351467132568,0.7566273212432861,,,,,,central,

RLSM,BlackScholes,MaxCall,0.0,0.2,0.01,2,-0.3,0.75,5,20000,10,100,100,0.0,1,30,20,"(1.0, 1.0, 1.0)",1.0,False,True,False,23.834418178964405,1.170316219329834,0.49518322944641113,0.6751329898834229,,,,,,central,

RLSM,BlackScholes,MaxCall,0.0,0.2,0.01,2,-0.3,0.75,5,20000,10,100,100,0.0,1,30,20,"(1.0, 1.0, 1.0)",1.0,False,True,False,23.742883229176556,1.2309815883636475,0.5563836097717285,0.674597978591919,,,,,,central,

RLSM,BlackScholes,MaxCall,0.0,0.2,0.01,2,-0.3,0.75,5,20000,10,100,100,0.0,1,30,20,"(1.0, 1.0, 1.0)",1.0,False,True,False,24.14564018858608,1.2187750339508057,0.5092012882232666,0.7095737457275391,,,,,,central,

RLSM,BlackScholes,MaxCall,0.0,0.2,0.01,2,-0.3,0.75,5,20000,10,100,100,0.0,1,30,20,"(1.0, 1.0, 1.0)",1.0,False,True,False,23.7533688568789,1.109285593032837,0.42866945266723633,0.6806161403656006,,,,,,central,

RLSM,BlackScholes,MaxCall,0.0,0.2,0.01,2,-0.3,0.75,5,20000,10,100,100,0.0,1,30,20,"(1.0, 1.0, 1.0)",1.0,False,True,False,23.95240958478056,1.1182260513305664,0.4064311981201172,0.7117948532104492,,,,,,central,

RLSM,BlackScholes,MaxCall,0.0,0.2,0.01,2,-0.3,0.75,5,20000,10,100,100,0.0,1,30,40,"(1.0, 1.0, 1.0)",1.0,True,True,False,24.788224479791538,1.8630573749542236,0.41197752952575684,1.4510798454284668,,,,,,central,

RLSM,BlackScholes,MaxCall,0.0,0.2,0.01,2,-0.3,0.75,5,20000,10,100,100,0.0,1,30,40,"(1.0, 1.0, 1.0)",1.0,True,True,False,24.819994083634366,1.990318775177002,0.4474942684173584,1.5428245067596436,,,,,,central,

RLSM,BlackScholes,MaxCall,0.0,0.2,0.01,2,-0.3,0.75,5,20000,10,100,100,0.0,1,30,40,"(1.0, 1.0, 1.0)",1.0,True,True,False,24.990198656431005,2.520033121109009,0.4409043788909912,2.0791287422180176,,,,,,central,

RLSM,BlackScholes,MaxCall,0.0,0.2,0.01,2,-0.3,0.75,5,20000,10,100,100,0.0,1,30,40,"(1.0, 1.0, 1.0)",1.0,True,True,False,25.080587697255687,1.9375042915344238,0.44350552558898926,1.4939987659454346,,,,,,central,

RLSM,BlackScholes,MaxCall,0.0,0.2,0.01,2,-0.3,0.75,5,20000,10,100,100,0.0,1,30,40,"(1.0, 1.0, 1.0)",1.0,True,True,False,24.80913642725953,2.182777166366577,0.5016727447509766,1.6811044216156006,,,,,,central,

RLSM,BlackScholes,MaxCall,0.0,0.2,0.01,2,-0.3,0.75,5,20000,10,100,100,0.0,1,30,40,"(1.0, 1.0, 1.0)",1.0,True,True,False,24.813455438478435,2.3541905879974365,0.45558738708496094,1.8986032009124756,,,,,,central,

RLSM,BlackScholes,MaxCall,0.0,0.2,0.01,2,-0.3,0.75,5,20000,10,100,100,0.0,1,30,40,"(1.0, 1.0, 1.0)",1.0,True,True,False,24.954758456001095,2.081855058670044,0.6017656326293945,1.4800894260406494,,,,,,central,

RLSM,BlackScholes,MaxCall,0.0,0.2,0.01,2,-0.3,0.75,5,20000,10,100,100,0.0,1,30,40,"(1.0, 1.0, 1.0)",1.0,True,True,False,24.658837563571556,2.1237685680389404,0.43904566764831543,1.684722900390625,,,,,,central,

RLSM,BlackScholes,MaxCall,0.0,0.2,0.01,2,-0.3,0.75,5,20000,10,100,100,0.0,1,30,40,"(1.0, 1.0, 1.0)",1.0,True,True,False,25.01096534091325,2.779585361480713,0.451549768447876,2.328035593032837,,,,,,central,

RLSM,BlackScholes,MaxCall,0.0,0.2,0.01,2,-0.3,0.75,5,20000,10,100,100,0.0,1,30,40,"(1.0, 1.0, 1.0)",1.0,True,True,False,25.018242677678412,2.675595283508301,0.6532034873962402,2.0223917961120605,,,,,,central,

RLSM,BlackScholes,MaxCall,0.0,0.2,0.01,2,-0.3,0.75,5,20000,10,100,100,0.0,1,30,40,"(1.0, 1.0, 1.0)",1.0,False,True,False,24.23196016743711,2.6485252380371094,0.7287545204162598,1.9197707176208496,,,,,,central,

RLSM,BlackScholes,MaxCall,0.0,0.2,0.01,2,-0.3,0.75,5,20000,10,100,100,0.0,1,30,40,"(1.0, 1.0, 1.0)",1.0,False,True,False,24.21535015884135,1.9503741264343262,0.6398468017578125,1.3105273246765137,,,,,,central,

RLSM,BlackScholes,MaxCall,0.0,0.2,0.01,2,-0.3,0.75,5,20000,10,100,100,0.0,1,30,40,"(1.0, 1.0, 1.0)",1.0,False,True,False,23.8330220715265,2.885136604309082,0.4960484504699707,2.3890881538391113,,,,,,central,

RLSM,BlackScholes,MaxCall,0.0,0.2,0.01,2,-0.3,0.75,5,20000,10,100,100,0.0,1,30,40,"(1.0, 1.0, 1.0)",1.0,False,True,False,23.905394379307182,2.737008571624756,0.6087779998779297,2.128230571746826,,,,,,central,

RLSM,BlackScholes,MaxCall,0.0,0.2,0.01,2,-0.3,0.75,5,20000,10,100,100,0.0,1,30,40,"(1.0, 1.0, 1.0)",1.0,False,True,False,23.98088369646675,1.8255815505981445,0.5121974945068359,1.3133840560913086,,,,,,central,

RLSM,BlackScholes,MaxCall,0.0,0.2,0.01,2,-0.3,0.75,5,20000,10,100,100,0.0,1,30,40,"(1.0, 1.0, 1.0)",1.0,False,True,False,24.293435097529272,2.236048460006714,0.5427508354187012,1.6932976245880127,,,,,,central,

RLSM,BlackScholes,MaxCall,0.0,0.2,0.01,2,-0.3,0.75,5,20000,10,100,100,0.0,1,30,40,"(1.0, 1.0, 1.0)",1.0,False,True,False,23.884841931999237,2.2073051929473877,0.4578742980957031,1.7494308948516846,,,,,,central,

RLSM,BlackScholes,MaxCall,0.0,0.2,0.01,2,-0.3,0.75,5,20000,10,100,100,0.0,1,30,40,"(1.0, 1.0, 1.0)",1.0,False,True,False,24.163150953008028,2.0419673919677734,0.46396851539611816,1.5779988765716553,,,,,,central,

RLSM,BlackScholes,MaxCall,0.0,0.2,0.01,2,-0.3,0.75,5,20000,10,100,100,0.0,1,30,40,"(1.0, 1.0, 1.0)",1.0,False,True,False,23.990602700096606,1.7250158786773682,0.43737363815307617,1.287642240524292,,,,,,central,

RLSM,BlackScholes,MaxCall,0.0,0.2,0.01,2,-0.3,0.75,5,20000,10,100,100,0.0,1,30,40,"(1.0, 1.0, 1.0)",1.0,False,True,False,23.991954320837007,2.2507402896881104,0.8885729312896729,1.3621673583984375,,,,,,central,

EOP,BlackScholes,MaxCall,0.0,0.2,0.01,2,-0.3,0.75,5,20000,10,100,100,0.0,1,30,10,"(1.0, 1.0, 1.0)",1.0,True,True,False,24.935621660807232,0.39972972869873047,0.3966538906097412,0.003075838088989258,,,,,,central,

EOP,BlackScholes,MaxCall,0.0,0.2,0.01,2,-0.3,0.75,5,20000,10,100,100,0.0,1,30,10,"(1.0, 1.0, 1.0)",1.0,True,True,False,25.137469649447144,0.49404454231262207,0.4873511791229248,0.006693363189697266,,,,,,central,

EOP,BlackScholes,MaxCall,0.0,0.2,0.01,2,-0.3,0.75,5,20000,10,100,100,0.0,1,30,10,"(1.0, 1.0, 1.0)",1.0,True,True,False,24.914242448380836,0.5440528392791748,0.5406897068023682,0.0033631324768066406,,,,,,central,

EOP,BlackScholes,MaxCall,0.0,0.2,0.01,2,-0.3,0.75,5,20000,10,100,100,0.0,1,30,10,"(1.0, 1.0, 1.0)",1.0,True,True,False,24.854396202756902,0.7849018573760986,0.7813608646392822,0.0035409927368164062,,,,,,central,

EOP,BlackScholes,MaxCall,0.0,0.2,0.01,2,-0.3,0.75,5,20000,10,100,100,0.0,1,30,10,"(1.0, 1.0, 1.0)",1.0,True,True,False,24.997322425152852,0.6927499771118164,0.6888432502746582,0.003906726837158203,,,,,,central,

EOP,BlackScholes,MaxCall,0.0,0.2,0.01,2,-0.3,0.75,5,20000,10,100,100,0.0,1,30,10,"(1.0, 1.0, 1.0)",1.0,True,True,False,24.92408900415585,0.46841001510620117,0.4654829502105713,0.002927064895629883,,,,,,central,

EOP,BlackScholes,MaxCall,0.0,0.2,0.01,2,-0.3,0.75,5,20000,10,100,100,0.0,1,30,10,"(1.0, 1.0, 1.0)",1.0,True,True,False,25.144781410343153,0.33733272552490234,0.3348066806793213,0.0025260448455810547,,,,,,central,

EOP,BlackScholes,MaxCall,0.0,0.2,0.01,2,-0.3,0.75,5,20000,10,100,100,0.0,1,30,10,"(1.0, 1.0, 1.0)",1.0,True,True,False,24.901973278228084,0.3274111747741699,0.32363462448120117,0.00377655029296875,,,,,,central,

EOP,BlackScholes,MaxCall,0.0,0.2,0.01,2,-0.3,0.75,5,20000,10,100,100,0.0,1,30,10,"(1.0, 1.0, 1.0)",1.0,True,True,False,24.81105888019245,0.40912938117980957,0.40070652961730957,0.0084228515625,,,,,,central,

EOP,BlackScholes,MaxCall,0.0,0.2,0.01,2,-0.3,0.75,5,20000,10,100,100,0.0,1,30,10,"(1.0, 1.0, 1.0)",1.0,True,True,False,25.100242529111856,0.46140599250793457,0.45694971084594727,0.004456281661987305,,,,,,central,

EOP,BlackScholes,MaxCall,0.0,0.2,0.01,2,-0.3,0.75,5,20000,10,100,100,0.0,1,30,10,"(1.0, 1.0, 1.0)",1.0,False,True,False,24.959487796771203,0.44217395782470703,0.43848133087158203,0.003692626953125,,,,,,central,

EOP,BlackScholes,MaxCall,0.0,0.2,0.01,2,-0.3,0.75,5,20000,10,100,100,0.0,1,30,10,"(1.0, 1.0, 1.0)",1.0,False,True,False,25.054881565755846,0.46036791801452637,0.45552802085876465,0.004839897155761719,,,,,,central,

EOP,BlackScholes,MaxCall,0.0,0.2,0.01,2,-0.3,0.75,5,20000,10,100,100,0.0,1,30,10,"(1.0, 1.0, 1.0)",1.0,False,True,False,24.93627303776839,0.4833385944366455,0.4786379337310791,0.004700660705566406,,,,,,central,

EOP,BlackScholes,MaxCall,0.0,0.2,0.01,2,-0.3,0.75,5,20000,10,100,100,0.0,1,30,10,"(1.0, 1.0, 1.0)",1.0,False,True,False,25.041257542176158,0.5513968467712402,0.5457468032836914,0.005650043487548828,,,,,,central,

EOP,BlackScholes,MaxCall,0.0,0.2,0.01,2,-0.3,0.75,5,20000,10,100,100,0.0,1,30,10,"(1.0, 1.0, 1.0)",1.0,False,True,False,25.159766403754432,0.49143457412719727,0.48640894889831543,0.005025625228881836,,,,,,central,

EOP,BlackScholes,MaxCall,0.0,0.2,0.01,2,-0.3,0.75,5,20000,10,100,100,0.0,1,30,10,"(1.0, 1.0, 1.0)",1.0,False,True,False,24.932829021759087,0.6002135276794434,0.593411922454834,0.006801605224609375,,,,,,central,

EOP,BlackScholes,MaxCall,0.0,0.2,0.01,2,-0.3,0.75,5,20000,10,100,100,0.0,1,30,10,"(1.0, 1.0, 1.0)",1.0,False,True,False,25.001441935163662,0.5393743515014648,0.5358150005340576,0.0035593509674072266,,,,,,central,

EOP,BlackScholes,MaxCall,0.0,0.2,0.01,2,-0.3,0.75,5,20000,10,100,100,0.0,1,30,10,"(1.0, 1.0, 1.0)",1.0,False,True,False,25.062067941679743,0.6349122524261475,0.6292836666107178,0.0056285858154296875,,,,,,central,

EOP,BlackScholes,MaxCall,0.0,0.2,0.01,2,-0.3,0.75,5,20000,10,100,100,0.0,1,30,10,"(1.0, 1.0, 1.0)",1.0,False,True,False,24.782963185319353,0.6233525276184082,0.6156089305877686,0.0077435970306396484,,,,,,central,

EOP,BlackScholes,MaxCall,0.0,0.2,0.01,2,-0.3,0.75,5,20000,10,100,100,0.0,1,30,10,"(1.0, 1.0, 1.0)",1.0,False,True,False,25.221010541085384,0.5280537605285645,0.5251171588897705,0.0029366016387939453,,,,,,central,

EOP,BlackScholes,MaxCall,0.0,0.2,0.01,2,-0.3,0.75,5,20000,10,100,100,0.0,1,30,20,"(1.0, 1.0, 1.0)",1.0,True,True,False,25.170958025942014,0.6417074203491211,0.6353046894073486,0.006402730941772461,,,,,,central,

EOP,BlackScholes,MaxCall,0.0,0.2,0.01,2,-0.3,0.75,5,20000,10,100,100,0.0,1,30,20,"(1.0, 1.0, 1.0)",1.0,True,True,False,25.134792861863023,0.6879401206970215,0.6808338165283203,0.007106304168701172,,,,,,central,

EOP,BlackScholes,MaxCall,0.0,0.2,0.01,2,-0.3,0.75,5,20000,10,100,100,0.0,1,30,20,"(1.0, 1.0, 1.0)",1.0,True,True,False,24.99585504165561,0.7134649753570557,0.7072000503540039,0.006264925003051758,,,,,,central,

EOP,BlackScholes,MaxCall,0.0,0.2,0.01,2,-0.3,0.75,5,20000,10,100,100,0.0,1,30,20,"(1.0, 1.0, 1.0)",1.0,True,True,False,25.031387405786152,0.6942567825317383,0.6897361278533936,0.0045206546783447266,,,,,,central,

EOP,BlackScholes,MaxCall,0.0,0.2,0.01,2,-0.3,0.75,5,20000,10,100,100,0.0,1,30,20,"(1.0, 1.0, 1.0)",1.0,True,True,False,24.976343934820868,0.6578414440155029,0.6540307998657227,0.0038106441497802734,,,,,,central,

EOP,BlackScholes,MaxCall,0.0,0.2,0.01,2,-0.3,0.75,5,20000,10,100,100,0.0,1,30,20,"(1.0, 1.0, 1.0)",1.0,True,True,False,25.05569752825159,0.6436295509338379,0.6405584812164307,0.0030710697174072266,,,,,,central,

EOP,BlackScholes,MaxCall,0.0,0.2,0.01,2,-0.3,0.75,5,20000,10,100,100,0.0,1,30,20,"(1.0, 1.0, 1.0)",1.0,True,True,False,25.151018430552913,0.5449771881103516,0.5405683517456055,0.004408836364746094,,,,,,central,

EOP,BlackScholes,MaxCall,0.0,0.2,0.01,2,-0.3,0.75,5,20000,10,100,100,0.0,1,30,20,"(1.0, 1.0, 1.0)",1.0,True,True,False,24.99474551470907,0.6035151481628418,0.5987484455108643,0.004766702651977539,,,,,,central,

EOP,BlackScholes,MaxCall,0.0,0.2,0.01,2,-0.3,0.75,5,20000,10,100,100,0.0,1,30,20,"(1.0, 1.0, 1.0)",1.0,True,True,False,25.06327596929434,0.5098369121551514,0.5064749717712402,0.003361940383911133,,,,,,central,

EOP,BlackScholes,MaxCall,0.0,0.2,0.01,2,-0.3,0.75,5,20000,10,100,100,0.0,1,30,20,"(1.0, 1.0, 1.0)",1.0,True,True,False,25.100929690783683,0.5419919490814209,0.5346007347106934,0.007391214370727539,,,,,,central,

EOP,BlackScholes,MaxCall,0.0,0.2,0.01,2,-0.3,0.75,5,20000,10,100,100,0.0,1,30,20,"(1.0, 1.0, 1.0)",1.0,False,True,False,25.25879402136783,0.4772458076477051,0.473010778427124,0.004235029220581055,,,,,,central,

EOP,BlackScholes,MaxCall,0.0,0.2,0.01,2,-0.3,0.75,5,20000,10,100,100,0.0,1,30,20,"(1.0, 1.0, 1.0)",1.0,False,True,False,25.13282641188964,0.4288792610168457,0.4257233142852783,0.003155946731567383,,,,,,central,

EOP,BlackScholes,MaxCall,0.0,0.2,0.01,2,-0.3,0.75,5,20000,10,100,100,0.0,1,30,20,"(1.0, 1.0, 1.0)",1.0,False,True,False,24.81626787784269,0.43891453742980957,0.4340949058532715,0.004819631576538086,,,,,,central,

EOP,BlackScholes,MaxCall,0.0,0.2,0.01,2,-0.3,0.75,5,20000,10,100,100,0.0,1,30,20,"(1.0, 1.0, 1.0)",1.0,False,True,False,24.98434738179596,0.5051977634429932,0.5024380683898926,0.002759695053100586,,,,,,central,

EOP,BlackScholes,MaxCall,0.0,0.2,0.01,2,-0.3,0.75,5,20000,10,100,100,0.0,1,30,20,"(1.0, 1.0, 1.0)",1.0,False,True,False,24.850778651067028,0.4783320426940918,0.47552990913391113,0.002802133560180664,,,,,,central,

EOP,BlackScholes,MaxCall,0.0,0.2,0.01,2,-0.3,0.75,5,20000,10,100,100,0.0,1,30,20,"(1.0, 1.0, 1.0)",1.0,False,True,False,25.005366319540457,0.49637436866760254,0.4932842254638672,0.0030901432037353516,,,,,,central,

EOP,BlackScholes,MaxCall,0.0,0.2,0.01,2,-0.3,0.75,5,20000,10,100,100,0.0,1,30,20,"(1.0, 1.0, 1.0)",1.0,False,True,False,25.001544735249137,0.4694850444793701,0.4661545753479004,0.0033304691314697266,,,,,,central,

EOP,BlackScholes,MaxCall,0.0,0.2,0.01,2,-0.3,0.75,5,20000,10,100,100,0.0,1,30,20,"(1.0, 1.0, 1.0)",1.0,False,True,False,25.050606107341597,0.5195436477661133,0.5132396221160889,0.006304025650024414,,,,,,central,

EOP,BlackScholes,MaxCall,0.0,0.2,0.01,2,-0.3,0.75,5,20000,10,100,100,0.0,1,30,20,"(1.0, 1.0, 1.0)",1.0,False,True,False,25.157294684340187,0.39232516288757324,0.3891470432281494,0.003178119659423828,,,,,,central,

EOP,BlackScholes,MaxCall,0.0,0.2,0.01,2,-0.3,0.75,5,20000,10,100,100,0.0,1,30,20,"(1.0, 1.0, 1.0)",1.0,False,True,False,25.07689612795417,0.43164992332458496,0.4280412197113037,0.00360870361328125,,,,,,central,

EOP,BlackScholes,MaxCall,0.0,0.2,0.01,2,-0.3,0.75,5,20000,10,100,100,0.0,1,30,40,"(1.0, 1.0, 1.0)",1.0,True,True,False,25.17569047225398,0.4054863452911377,0.40148258209228516,0.004003763198852539,,,,,,central,

EOP,BlackScholes,MaxCall,0.0,0.2,0.01,2,-0.3,0.75,5,20000,10,100,100,0.0,1,30,40,"(1.0, 1.0, 1.0)",1.0,True,True,False,24.772979243541702,0.40778565406799316,0.4045727252960205,0.0032129287719726562,,,,,,central,

EOP,BlackScholes,MaxCall,0.0,0.2,0.01,2,-0.3,0.75,5,20000,10,100,100,0.0,1,30,40,"(1.0, 1.0, 1.0)",1.0,True,True,False,24.974522986025296,0.42543506622314453,0.42049193382263184,0.004943132400512695,,,,,,central,

EOP,BlackScholes,MaxCall,0.0,0.2,0.01,2,-0.3,0.75,5,20000,10,100,100,0.0,1,30,40,"(1.0, 1.0, 1.0)",1.0,True,True,False,24.903713309361567,0.4279465675354004,0.42393994331359863,0.004006624221801758,,,,,,central,

EOP,BlackScholes,MaxCall,0.0,0.2,0.01,2,-0.3,0.75,5,20000,10,100,100,0.0,1,30,40,"(1.0, 1.0, 1.0)",1.0,True,True,False,24.845221510371854,0.4220438003540039,0.4183666706085205,0.0036771297454833984,,,,,,central,

EOP,BlackScholes,MaxCall,0.0,0.2,0.01,2,-0.3,0.75,5,20000,10,100,100,0.0,1,30,40,"(1.0, 1.0, 1.0)",1.0,True,True,False,25.11636126278318,0.4463825225830078,0.442425012588501,0.003957509994506836,,,,,,central,

EOP,BlackScholes,MaxCall,0.0,0.2,0.01,2,-0.3,0.75,5,20000,10,100,100,0.0,1,30,40,"(1.0, 1.0, 1.0)",1.0,True,True,False,25.09279518831005,0.43224596977233887,0.43020200729370117,0.0020439624786376953,,,,,,central,

EOP,BlackScholes,MaxCall,0.0,0.2,0.01,2,-0.3,0.75,5,20000,10,100,100,0.0,1,30,40,"(1.0, 1.0, 1.0)",1.0,True,True,False,25.00168793715878,0.44748473167419434,0.44297218322753906,0.0045125484466552734,,,,,,central,

EOP,BlackScholes,MaxCall,0.0,0.2,0.01,2,-0.3,0.75,5,20000,10,100,100,0.0,1,30,40,"(1.0, 1.0, 1.0)",1.0,True,True,False,24.978012228857704,0.42215847969055176,0.4184858798980713,0.0036725997924804688,,,,,,central,

EOP,BlackScholes,MaxCall,0.0,0.2,0.01,2,-0.3,0.75,5,20000,10,100,100,0.0,1,30,40,"(1.0, 1.0, 1.0)",1.0,True,True,False,25.043910688175277,0.4272768497467041,0.4233973026275635,0.003879547119140625,,,,,,central,

EOP,BlackScholes,MaxCall,0.0,0.2,0.01,2,-0.3,0.75,5,20000,10,100,100,0.0,1,30,40,"(1.0, 1.0, 1.0)",1.0,False,True,False,25.123709675557674,0.44582509994506836,0.44162654876708984,0.004198551177978516,,,,,,central,

EOP,BlackScholes,MaxCall,0.0,0.2,0.01,2,-0.3,0.75,5,20000,10,100,100,0.0,1,30,40,"(1.0, 1.0, 1.0)",1.0,False,True,False,25.129734897410923,0.3902862071990967,0.3866422176361084,0.0036439895629882812,,,,,,central,

EOP,BlackScholes,MaxCall,0.0,0.2,0.01,2,-0.3,0.75,5,20000,10,100,100,0.0,1,30,40,"(1.0, 1.0, 1.0)",1.0,False,True,False,25.05937691912997,0.45505428314208984,0.4528813362121582,0.0021729469299316406,,,,,,central,

EOP,BlackScholes,MaxCall,0.0,0.2,0.01,2,-0.3,0.75,5,20000,10,100,100,0.0,1,30,40,"(1.0, 1.0, 1.0)",1.0,False,True,False,25.18833691637213,0.4967200756072998,0.49106431007385254,0.005655765533447266,,,,,,central,

EOP,BlackScholes,MaxCall,0.0,0.2,0.01,2,-0.3,0.75,5,20000,10,100,100,0.0,1,30,40,"(1.0, 1.0, 1.0)",1.0,False,True,False,25.106433201498273,0.4918982982635498,0.4866666793823242,0.005231618881225586,,,,,,central,

EOP,BlackScholes,MaxCall,0.0,0.2,0.01,2,-0.3,0.75,5,20000,10,100,100,0.0,1,30,40,"(1.0, 1.0, 1.0)",1.0,False,True,False,24.96166363459117,0.4756946563720703,0.4710714817047119,0.0046231746673583984,,,,,,central,

EOP,BlackScholes,MaxCall,0.0,0.2,0.01,2,-0.3,0.75,5,20000,10,100,100,0.0,1,30,40,"(1.0, 1.0, 1.0)",1.0,False,True,False,25.005330349253676,0.4643697738647461,0.46256279945373535,0.0018069744110107422,,,,,,central,

EOP,BlackScholes,MaxCall,0.0,0.2,0.01,2,-0.3,0.75,5,20000,10,100,100,0.0,1,30,40,"(1.0, 1.0, 1.0)",1.0,False,True,False,25.020174200610032,0.44237208366394043,0.4405345916748047,0.0018374919891357422,,,,,,central,

EOP,BlackScholes,MaxCall,0.0,0.2,0.01,2,-0.3,0.75,5,20000,10,100,100,0.0,1,30,40,"(1.0, 1.0, 1.0)",1.0,False,True,False,25.072451604359696,0.44661641120910645,0.4433920383453369,0.0032243728637695312,,,,,,central,

EOP,BlackScholes,MaxCall,0.0,0.2,0.01,2,-0.3,0.75,5,20000,10,100,100,0.0,1,30,40,"(1.0, 1.0, 1.0)",1.0,False,True,False,25.114102434504602,0.3594191074371338,0.35807228088378906,0.0013468265533447266,,,,,,central,

